Filename,Mean_F0_(Hz),experiment
p_01-20240522-1109-01.wav,100.21,vowels_only
p_01-20240522-1109-02.wav,121.13,vowels_only
p_01-20240522-1109-03.wav,90.53,vowels_only
p_01-20240522-1109-04.wav,90.6,vowels_only
p_01-20240522-1109-05.wav,167.18,vowels_only
p_01-20240522-1109-06.wav,163.03,vowels_only
p_01-20240522-1109-07.wav,100.35,vowels_only
p_01-20240522-1109-08.wav,190.78,vowels_only
p_01-20240522-1109-09.wav,230.31,vowels_only
p_01-20240522-1109-10.wav,79.69,vowels_only
p_01-20240522-1109-11.wav,88.33,vowels_only
p_01-20240522-1109-12.wav,318.06,vowels_only
p_01-20240522-1109-13.wav,84.33,vowels_only
p_01-20240522-1109-14.wav,80.78,vowels_only
p_01-20240522-1109-15.wav,110.23,vowels_only
p_01-20240522-1109-16.wav,87.82,vowels_only
p_01-20240522-1109-17.wav,96.52,vowels_only
p_01-20240522-1109-18.wav,98.2,vowels_only
p_01-20240522-1109-19.wav,91.06,vowels_only
p_01-20240522-1109-20.wav,74.03,vowels_only
p_01-20240522-1109-21.wav,89.77,vowels_only
p_01-20240522-1109-22.wav,178.85,vowels_only
p_01-20240522-1109-23.wav,92.37,vowels_only
p_01-20240522-1109-24.wav,107.32,vowels_only
p_01-20240522-1109-25.wav,86,vowels_only
p_01-20240522-1109-26.wav,191.56,vowels_only
p_01-20240522-1109-27.wav,152.41,vowels_only
p_01-20240522-1109-28.wav,162.44,vowels_only
p_01-20240522-1109-29.wav,199.02,vowels_only
p_01-20240522-1109-30.wav,167.64,vowels_only
p_01-20240522-1109-31.wav,88.34,vowels_only
p_01-20240522-1109-32.wav,96.86,vowels_only
p_01-20240522-1109-33.wav,152.49,vowels_only
p_01-20240522-1109-34.wav,86.88,vowels_only
p_01-20240522-1109-35.wav,88.06,vowels_only
p_01-20240522-1109-36.wav,408.77,vowels_only
p_01-20240522-1109-37.wav,169.72,vowels_only
p_01-20240522-1109-38.wav,85.79,vowels_only
p_01-20240522-1109-39.wav,189.02,vowels_only
p_01-20240522-1109-40.wav,224.39,vowels_only
p_01-20240522-1109-41.wav,80.97,vowels_only
p_01-20240522-1109-42.wav,94.18,vowels_only
p_01-20240522-1109-43.wav,97.49,vowels_only
p_01-20240522-1109-44.wav,170.16,vowels_only
p_01-20240522-1109-45.wav,256.41,vowels_only
p_01-20240522-1109-46.wav,92.35,vowels_only
p_01-20240522-1109-47.wav,82.85,vowels_only
p_01-20240522-1109-48.wav,87.98,vowels_only
p_01-20240522-1109-49.wav,96.64,vowels_only
p_01-20240522-1109-50.wav,375.56,vowels_only
p_01-20240522-1109-51.wav,87.16,vowels_only
p_01-20240522-1109-52.wav,75.37,vowels_only
p_01-20240522-1109-53.wav,85.66,vowels_only
p_01-20240522-1109-54.wav,76.72,vowels_only
p_01-20240522-1109-55.wav,188.27,vowels_only
p_01-20240522-1109-56.wav,177.67,vowels_only
p_01-20240522-1109-57.wav,79.45,vowels_only
p_01-20240522-1109-58.wav,80.22,vowels_only
p_01-20240522-1109-59.wav,217.54,vowels_only
p_01-20240522-1109-60.wav,171.66,vowels_only
p_01-20240522-1109-61.wav,120.98,vowels_only
p_01-20240522-1109-62.wav,106.38,vowels_only
p_01-20240522-1109-63.wav,82.47,vowels_only
p_01-20240522-1109-64.wav,78.68,vowels_only
p_01-20240522-1119-01.wav,87.05,vowel_and_t
p_01-20240522-1119-02.wav,106.7,vowel_and_t
p_01-20240522-1119-03.wav,78.27,vowel_and_t
p_01-20240522-1119-04.wav,76.66,vowel_and_t
p_01-20240522-1119-05.wav,103.17,vowel_and_t
p_01-20240522-1119-06.wav,78.06,vowel_and_t
p_01-20240522-1119-07.wav,79.19,vowel_and_t
p_01-20240522-1119-08.wav,75.64,vowel_and_t
p_01-20240522-1119-09.wav,83.43,vowel_and_t
p_01-20240522-1119-10.wav,78.05,vowel_and_t
p_01-20240522-1119-11.wav,83.93,vowel_and_t
p_01-20240522-1119-12.wav,75.6,vowel_and_t
p_01-20240522-1119-13.wav,80.02,vowel_and_t
p_01-20240522-1119-14.wav,79.38,vowel_and_t
p_01-20240522-1119-15.wav,100.33,vowel_and_t
p_01-20240522-1119-16.wav,93.87,vowel_and_t
p_01-20240522-1119-17.wav,80.11,vowel_and_t
p_01-20240522-1119-18.wav,77.82,vowel_and_t
p_01-20240522-1119-19.wav,83.54,vowel_and_t
p_01-20240522-1119-20.wav,83.49,vowel_and_t
p_01-20240522-1119-21.wav,104.4,vowel_and_t
p_01-20240522-1119-22.wav,83.87,vowel_and_t
p_01-20240522-1119-23.wav,83.09,vowel_and_t
p_01-20240522-1119-24.wav,113.52,vowel_and_t
p_01-20240522-1119-25.wav,89.72,vowel_and_t
p_01-20240522-1119-26.wav,81.69,vowel_and_t
p_01-20240522-1119-27.wav,75.33,vowel_and_t
p_01-20240522-1119-28.wav,108.85,vowel_and_t
p_01-20240522-1119-29.wav,79.86,vowel_and_t
p_01-20240522-1119-30.wav,87.48,vowel_and_t
p_01-20240522-1119-31.wav,82.49,vowel_and_t
p_01-20240522-1119-32.wav,84.67,vowel_and_t
p_01-20240522-1119-33.wav,90.29,vowel_and_t
p_01-20240522-1119-34.wav,126.53,vowel_and_t
p_01-20240522-1119-35.wav,84.42,vowel_and_t
p_01-20240522-1119-36.wav,117.72,vowel_and_t
p_01-20240522-1119-37.wav,83.8,vowel_and_t
p_01-20240522-1119-38.wav,83.79,vowel_and_t
p_01-20240522-1119-39.wav,82.72,vowel_and_t
p_01-20240522-1119-40.wav,116.56,vowel_and_t
p_01-20240522-1119-41.wav,84.8,vowel_and_t
p_01-20240522-1119-42.wav,111.73,vowel_and_t
p_01-20240522-1119-43.wav,110.64,vowel_and_t
p_01-20240522-1119-44.wav,104.8,vowel_and_t
p_01-20240522-1119-45.wav,90.97,vowel_and_t
p_01-20240522-1119-46.wav,111.65,vowel_and_t
p_01-20240522-1119-47.wav,87.24,vowel_and_t
p_01-20240522-1119-48.wav,81.28,vowel_and_t
p_01-20240522-1119-49.wav,84.68,vowel_and_t
p_01-20240522-1119-50.wav,84.74,vowel_and_t
p_01-20240522-1119-51.wav,83.18,vowel_and_t
p_01-20240522-1119-52.wav,84.95,vowel_and_t
p_01-20240522-1119-53.wav,142.66,vowel_and_t
p_01-20240522-1119-54.wav,108.24,vowel_and_t
p_01-20240522-1119-55.wav,86.46,vowel_and_t
p_01-20240522-1119-56.wav,80.53,vowel_and_t
p_01-20240522-1119-57.wav,127.45,vowel_and_t
p_01-20240522-1119-58.wav,121.81,vowel_and_t
p_01-20240522-1119-59.wav,84.86,vowel_and_t
p_01-20240522-1119-60.wav,77.06,vowel_and_t
p_01-20240522-1119-61.wav,81.3,vowel_and_t
p_01-20240522-1119-62.wav,89.22,vowel_and_t
p_01-20240522-1119-63.wav,89,vowel_and_t
p_01-20240522-1119-64.wav,82.48,vowel_and_t
p_01-20240522-1119-65.wav,80.63,vowel_and_t
p_01-20240522-1119-66.wav,92.78,vowel_and_t
p_01-20240522-1119-67.wav,81.25,vowel_and_t
p_01-20240522-1119-68.wav,79.64,vowel_and_t
p_01-20240522-1119-69.wav,87.21,vowel_and_t
p_01-20240522-1119-70.wav,79.59,vowel_and_t
p_01-20240522-1119-71.wav,81.55,vowel_and_t
p_01-20240522-1119-72.wav,79.67,vowel_and_t
p_01-20240522-1119-73.wav,86.01,vowel_and_t
p_01-20240522-1119-74.wav,91.45,vowel_and_t
p_01-20240522-1119-75.wav,100.52,vowel_and_t
p_01-20240522-1119-76.wav,83.28,vowel_and_t
p_01-20240522-1119-77.wav,79.5,vowel_and_t
p_01-20240522-1119-78.wav,90.55,vowel_and_t
p_01-20240522-1119-79.wav,81.65,vowel_and_t
p_01-20240522-1119-80.wav,110.01,vowel_and_t
p_01-20240522-1119-81.wav,99.94,vowel_and_t
p_01-20240522-1119-82.wav,85.6,vowel_and_t
p_01-20240522-1119-83.wav,101.5,vowel_and_t
p_01-20240522-1119-84.wav,88.37,vowel_and_t
p_01-20240522-1119-85.wav,77.32,vowel_and_t
p_01-20240522-1119-86.wav,120,vowel_and_t
p_01-20240522-1119-87.wav,84.94,vowel_and_t
p_01-20240522-1119-88.wav,83.65,vowel_and_t
p_01-20240522-1119-89.wav,107.25,vowel_and_t
p_01-20240522-1119-90.wav,82.36,vowel_and_t
p_01-20240522-1119-91.wav,80.63,vowel_and_t
p_04-20240603-1238-01.wav,138.91,vowels_only
p_04-20240603-1238-02.wav,111.59,vowels_only
p_04-20240603-1238-03.wav,99.09,vowels_only
p_04-20240603-1238-04.wav,102.13,vowels_only
p_04-20240603-1238-05.wav,109.7,vowels_only
p_04-20240603-1238-06.wav,182.83,vowels_only
p_04-20240603-1238-07.wav,98.02,vowels_only
p_04-20240603-1238-08.wav,139.85,vowels_only
p_04-20240603-1238-09.wav,104.58,vowels_only
p_04-20240603-1238-10.wav,188.26,vowels_only
p_04-20240603-1238-11.wav,255.16,vowels_only
p_04-20240603-1238-12.wav,209.43,vowels_only
p_04-20240603-1238-13.wav,99.14,vowels_only
p_04-20240603-1238-14.wav,102.64,vowels_only
p_04-20240603-1238-15.wav,97.63,vowels_only
p_04-20240603-1238-16.wav,99.21,vowels_only
p_04-20240603-1238-17.wav,104.16,vowels_only
p_04-20240603-1238-18.wav,100.9,vowels_only
p_04-20240603-1238-19.wav,100.62,vowels_only
p_04-20240603-1238-20.wav,121.33,vowels_only
p_04-20240603-1238-21.wav,98.79,vowels_only
p_04-20240603-1238-22.wav,95.08,vowels_only
p_04-20240603-1238-23.wav,99.88,vowels_only
p_04-20240603-1238-24.wav,101.38,vowels_only
p_04-20240603-1238-25.wav,98.8,vowels_only
p_04-20240603-1238-26.wav,148.4,vowels_only
p_04-20240603-1238-27.wav,116.04,vowels_only
p_04-20240603-1238-28.wav,97.45,vowels_only
p_04-20240603-1238-29.wav,150.14,vowels_only
p_04-20240603-1238-30.wav,113.22,vowels_only
p_04-20240603-1238-31.wav,153.08,vowels_only
p_04-20240603-1238-32.wav,310.24,vowels_only
p_04-20240603-1238-33.wav,190.83,vowels_only
p_04-20240603-1238-34.wav,104.59,vowels_only
p_04-20240603-1238-35.wav,252.09,vowels_only
p_04-20240603-1238-36.wav,167.74,vowels_only
p_04-20240603-1238-37.wav,99.6,vowels_only
p_04-20240603-1238-38.wav,109.43,vowels_only
p_04-20240603-1238-39.wav,105.59,vowels_only
p_04-20240603-1238-40.wav,113.17,vowels_only
p_04-20240603-1238-41.wav,122.82,vowels_only
p_04-20240603-1238-42.wav,98.15,vowels_only
p_04-20240603-1238-43.wav,110.59,vowels_only
p_04-20240603-1238-44.wav,113.08,vowels_only
p_04-20240603-1238-45.wav,108.67,vowels_only
p_04-20240603-1238-46.wav,126.09,vowels_only
p_04-20240603-1238-47.wav,116.72,vowels_only
p_04-20240603-1238-48.wav,179.53,vowels_only
p_04-20240603-1238-49.wav,116.66,vowels_only
p_04-20240603-1238-50.wav,109.55,vowels_only
p_04-20240603-1238-51.wav,104.22,vowels_only
p_04-20240603-1238-52.wav,117.97,vowels_only
p_04-20240603-1238-53.wav,123.11,vowels_only
p_04-20240603-1238-54.wav,105.22,vowels_only
p_04-20240603-1238-55.wav,103.69,vowels_only
p_04-20240603-1238-56.wav,106.18,vowels_only
p_04-20240603-1238-57.wav,119.01,vowels_only
p_04-20240603-1238-58.wav,113.1,vowels_only
p_04-20240603-1238-59.wav,111.45,vowels_only
p_04-20240603-1238-60.wav,103.32,vowels_only
p_04-20240603-1238-61.wav,111.77,vowels_only
p_04-20240603-1238-62.wav,122.46,vowels_only
p_04-20240603-1238-63.wav,118.21,vowels_only
p_04-20240603-1238-64.wav,143.17,vowels_only
p_04-20240603-1249-01.wav,104.57,vowel_and_t
p_04-20240603-1249-02.wav,99.19,vowel_and_t
p_04-20240603-1249-03.wav,102.24,vowel_and_t
p_04-20240603-1249-04.wav,97.97,vowel_and_t
p_04-20240603-1249-05.wav,106.01,vowel_and_t
p_04-20240603-1249-06.wav,108.87,vowel_and_t
p_04-20240603-1249-07.wav,105.1,vowel_and_t
p_04-20240603-1249-08.wav,106.87,vowel_and_t
p_04-20240603-1249-09.wav,102.79,vowel_and_t
p_04-20240603-1249-10.wav,101.58,vowel_and_t
p_04-20240603-1249-11.wav,102.52,vowel_and_t
p_04-20240603-1249-12.wav,101.09,vowel_and_t
p_04-20240603-1249-13.wav,102.26,vowel_and_t
p_04-20240603-1249-14.wav,162.51,vowel_and_t
p_04-20240603-1249-15.wav,106.58,vowel_and_t
p_04-20240603-1249-16.wav,95.76,vowel_and_t
p_04-20240603-1249-17.wav,104.51,vowel_and_t
p_04-20240603-1249-18.wav,95.13,vowel_and_t
p_04-20240603-1249-19.wav,92.41,vowel_and_t
p_04-20240603-1249-20.wav,94.44,vowel_and_t
p_04-20240603-1249-21.wav,95.11,vowel_and_t
p_04-20240603-1249-22.wav,95.19,vowel_and_t
p_04-20240603-1249-23.wav,94.46,vowel_and_t
p_04-20240603-1249-24.wav,104.02,vowel_and_t
p_04-20240603-1249-25.wav,98.09,vowel_and_t
p_04-20240603-1249-26.wav,95.29,vowel_and_t
p_04-20240603-1249-27.wav,100.12,vowel_and_t
p_04-20240603-1249-28.wav,120.49,vowel_and_t
p_04-20240603-1249-29.wav,105.79,vowel_and_t
p_04-20240603-1249-30.wav,96.86,vowel_and_t
p_04-20240603-1249-31.wav,95.94,vowel_and_t
p_04-20240603-1249-32.wav,126.4,vowel_and_t
p_04-20240603-1249-33.wav,101.68,vowel_and_t
p_04-20240603-1249-34.wav,95.15,vowel_and_t
p_04-20240603-1249-35.wav,96.75,vowel_and_t
p_04-20240603-1249-36.wav,98.29,vowel_and_t
p_04-20240603-1249-37.wav,96.72,vowel_and_t
p_04-20240603-1249-38.wav,93.06,vowel_and_t
p_04-20240603-1249-39.wav,96.86,vowel_and_t
p_04-20240603-1249-40.wav,99.14,vowel_and_t
p_04-20240603-1249-41.wav,95.1,vowel_and_t
p_04-20240603-1249-42.wav,101.6,vowel_and_t
p_04-20240603-1249-43.wav,106.59,vowel_and_t
p_04-20240603-1249-44.wav,98.67,vowel_and_t
p_04-20240603-1249-45.wav,104.85,vowel_and_t
p_04-20240603-1249-46.wav,108.38,vowel_and_t
p_04-20240603-1249-47.wav,100.67,vowel_and_t
p_04-20240603-1249-48.wav,104.99,vowel_and_t
p_04-20240603-1249-49.wav,101.15,vowel_and_t
p_04-20240603-1249-50.wav,101.86,vowel_and_t
p_04-20240603-1249-51.wav,105.42,vowel_and_t
p_04-20240603-1249-52.wav,101.15,vowel_and_t
p_04-20240603-1249-53.wav,106.21,vowel_and_t
p_04-20240603-1249-54.wav,102.21,vowel_and_t
p_04-20240603-1249-55.wav,107.93,vowel_and_t
p_04-20240603-1249-56.wav,129.39,vowel_and_t
p_04-20240603-1249-57.wav,104.09,vowel_and_t
p_04-20240603-1249-58.wav,102.85,vowel_and_t
p_04-20240603-1249-59.wav,106.5,vowel_and_t
p_04-20240603-1249-60.wav,102.82,vowel_and_t
p_04-20240603-1249-61.wav,95.91,vowel_and_t
p_04-20240603-1249-62.wav,97.84,vowel_and_t
p_04-20240603-1249-63.wav,98.32,vowel_and_t
p_04-20240603-1249-64.wav,102.5,vowel_and_t
p_04-20240603-1249-65.wav,105.31,vowel_and_t
p_04-20240603-1249-66.wav,97.66,vowel_and_t
p_04-20240603-1249-67.wav,104.22,vowel_and_t
p_04-20240603-1249-68.wav,104.67,vowel_and_t
p_04-20240603-1249-69.wav,104.86,vowel_and_t
p_04-20240603-1249-70.wav,104.11,vowel_and_t
p_04-20240603-1249-71.wav,108.83,vowel_and_t
p_04-20240603-1249-72.wav,105.7,vowel_and_t
p_04-20240603-1249-73.wav,110.78,vowel_and_t
p_04-20240603-1249-74.wav,107.11,vowel_and_t
p_04-20240603-1249-75.wav,108.47,vowel_and_t
p_04-20240603-1249-76.wav,105.26,vowel_and_t
p_04-20240603-1249-77.wav,114.24,vowel_and_t
p_04-20240603-1249-78.wav,99.11,vowel_and_t
p_04-20240603-1249-79.wav,96.29,vowel_and_t
p_04-20240603-1249-80.wav,103.4,vowel_and_t
p_04-20240603-1249-81.wav,106.55,vowel_and_t
p_04-20240603-1249-82.wav,102.16,vowel_and_t
p_04-20240603-1249-83.wav,106.42,vowel_and_t
p_04-20240603-1249-84.wav,102.39,vowel_and_t
p_04-20240603-1249-85.wav,112.35,vowel_and_t
p_04-20240603-1249-86.wav,102.01,vowel_and_t
p_04-20240603-1249-87.wav,101.71,vowel_and_t
p_04-20240603-1249-88.wav,108.04,vowel_and_t
p_04-20240603-1249-89.wav,102.56,vowel_and_t
p_04-20240603-1249-90.wav,104.61,vowel_and_t
p_04-20240603-1249-91.wav,99.92,vowel_and_t
p_05-20240604-1030-01.wav,150.68,vowels_only
p_05-20240604-1030-02.wav,114.94,vowels_only
p_05-20240604-1030-03.wav,99.34,vowels_only
p_05-20240604-1030-04.wav,122.83,vowels_only
p_05-20240604-1030-05.wav,95.95,vowels_only
p_05-20240604-1030-06.wav,159.69,vowels_only
p_05-20240604-1030-07.wav,133.76,vowels_only
p_05-20240604-1030-08.wav,173.89,vowels_only
p_05-20240604-1030-09.wav,95.26,vowels_only
p_05-20240604-1030-10.wav,99.4,vowels_only
p_05-20240604-1030-11.wav,154.5,vowels_only
p_05-20240604-1030-12.wav,170.34,vowels_only
p_05-20240604-1030-13.wav,131.24,vowels_only
p_05-20240604-1030-14.wav,196.09,vowels_only
p_05-20240604-1030-15.wav,100.06,vowels_only
p_05-20240604-1030-16.wav,213.55,vowels_only
p_05-20240604-1030-17.wav,174.69,vowels_only
p_05-20240604-1030-18.wav,97.53,vowels_only
p_05-20240604-1030-19.wav,208.95,vowels_only
p_05-20240604-1030-20.wav,99.03,vowels_only
p_05-20240604-1030-21.wav,147.88,vowels_only
p_05-20240604-1030-22.wav,97.05,vowels_only
p_05-20240604-1030-23.wav,95.01,vowels_only
p_05-20240604-1030-24.wav,156.15,vowels_only
p_05-20240604-1030-25.wav,192.42,vowels_only
p_05-20240604-1030-26.wav,99.93,vowels_only
p_05-20240604-1030-27.wav,108.22,vowels_only
p_05-20240604-1030-28.wav,92.88,vowels_only
p_05-20240604-1030-29.wav,124.14,vowels_only
p_05-20240604-1030-30.wav,114.44,vowels_only
p_05-20240604-1030-31.wav,115.85,vowels_only
p_05-20240604-1030-32.wav,95.28,vowels_only
p_05-20240604-1030-33.wav,207.54,vowels_only
p_05-20240604-1030-34.wav,123.89,vowels_only
p_05-20240604-1030-35.wav,166.72,vowels_only
p_05-20240604-1030-36.wav,147.04,vowels_only
p_05-20240604-1030-37.wav,201.73,vowels_only
p_05-20240604-1030-38.wav,196.18,vowels_only
p_05-20240604-1030-39.wav,146.44,vowels_only
p_05-20240604-1030-40.wav,239.6,vowels_only
p_05-20240604-1030-41.wav,283.3,vowels_only
p_05-20240604-1030-42.wav,369.17,vowels_only
p_05-20240604-1030-43.wav,199.06,vowels_only
p_05-20240604-1030-44.wav,158.03,vowels_only
p_05-20240604-1030-45.wav,92.65,vowels_only
p_05-20240604-1030-46.wav,100.93,vowels_only
p_05-20240604-1030-47.wav,194.83,vowels_only
p_05-20240604-1030-48.wav,121.12,vowels_only
p_05-20240604-1030-49.wav,128.46,vowels_only
p_05-20240604-1030-50.wav,96.28,vowels_only
p_05-20240604-1030-51.wav,120.28,vowels_only
p_05-20240604-1030-52.wav,306.74,vowels_only
p_05-20240604-1030-53.wav,128.68,vowels_only
p_05-20240604-1030-54.wav,193.66,vowels_only
p_05-20240604-1030-55.wav,108.85,vowels_only
p_05-20240604-1030-56.wav,106.33,vowels_only
p_05-20240604-1030-57.wav,146.13,vowels_only
p_05-20240604-1030-58.wav,99.26,vowels_only
p_05-20240604-1030-59.wav,171.91,vowels_only
p_05-20240604-1030-60.wav,114.38,vowels_only
p_05-20240604-1030-61.wav,148.65,vowels_only
p_05-20240604-1030-62.wav,126.55,vowels_only
p_05-20240604-1030-63.wav,126.5,vowels_only
p_05-20240604-1030-64.wav,313.93,vowels_only
p_05-20240604-1044-01.wav,115.78,vowel_and_t
p_05-20240604-1044-02.wav,98.1,vowel_and_t
p_05-20240604-1044-03.wav,96.63,vowel_and_t
p_05-20240604-1044-04.wav,94.64,vowel_and_t
p_05-20240604-1044-05.wav,104.1,vowel_and_t
p_05-20240604-1044-06.wav,123.11,vowel_and_t
p_05-20240604-1044-07.wav,89.68,vowel_and_t
p_05-20240604-1044-08.wav,135.86,vowel_and_t
p_05-20240604-1044-09.wav,152.54,vowel_and_t
p_05-20240604-1044-10.wav,108.79,vowel_and_t
p_05-20240604-1044-11.wav,178.73,vowel_and_t
p_05-20240604-1044-12.wav,94.97,vowel_and_t
p_05-20240604-1044-13.wav,91.44,vowel_and_t
p_05-20240604-1044-14.wav,112.23,vowel_and_t
p_05-20240604-1044-15.wav,154.36,vowel_and_t
p_05-20240604-1044-16.wav,104.64,vowel_and_t
p_05-20240604-1044-17.wav,150.23,vowel_and_t
p_05-20240604-1044-18.wav,156.49,vowel_and_t
p_05-20240604-1044-19.wav,129.25,vowel_and_t
p_05-20240604-1044-20.wav,105.53,vowel_and_t
p_05-20240604-1044-21.wav,202.14,vowel_and_t
p_05-20240604-1044-22.wav,149.52,vowel_and_t
p_05-20240604-1044-23.wav,171.92,vowel_and_t
p_05-20240604-1044-24.wav,136.46,vowel_and_t
p_05-20240604-1044-25.wav,135.38,vowel_and_t
p_05-20240604-1044-26.wav,157.76,vowel_and_t
p_05-20240604-1044-27.wav,233.29,vowel_and_t
p_05-20240604-1044-28.wav,105.52,vowel_and_t
p_05-20240604-1044-29.wav,97.43,vowel_and_t
p_05-20240604-1044-30.wav,127.27,vowel_and_t
p_05-20240604-1044-31.wav,125.87,vowel_and_t
p_05-20240604-1044-32.wav,96.31,vowel_and_t
p_05-20240604-1044-33.wav,129.09,vowel_and_t
p_05-20240604-1044-34.wav,102.83,vowel_and_t
p_05-20240604-1044-35.wav,95.06,vowel_and_t
p_05-20240604-1044-36.wav,142.42,vowel_and_t
p_05-20240604-1044-37.wav,185.53,vowel_and_t
p_05-20240604-1044-38.wav,126.07,vowel_and_t
p_05-20240604-1044-39.wav,146.36,vowel_and_t
p_05-20240604-1044-40.wav,88.82,vowel_and_t
p_05-20240604-1044-41.wav,127.47,vowel_and_t
p_05-20240604-1044-42.wav,96.11,vowel_and_t
p_05-20240604-1044-43.wav,121.61,vowel_and_t
p_05-20240604-1044-44.wav,112.71,vowel_and_t
p_05-20240604-1044-45.wav,140.09,vowel_and_t
p_05-20240604-1044-46.wav,98.43,vowel_and_t
p_05-20240604-1044-47.wav,115.06,vowel_and_t
p_05-20240604-1044-48.wav,120.72,vowel_and_t
p_05-20240604-1044-49.wav,144.1,vowel_and_t
p_05-20240604-1044-50.wav,104.74,vowel_and_t
p_05-20240604-1044-51.wav,131.66,vowel_and_t
p_05-20240604-1044-52.wav,91.29,vowel_and_t
p_05-20240604-1044-53.wav,95.35,vowel_and_t
p_05-20240604-1044-54.wav,95.64,vowel_and_t
p_05-20240604-1044-55.wav,102.89,vowel_and_t
p_05-20240604-1044-56.wav,111.04,vowel_and_t
p_05-20240604-1044-57.wav,94.83,vowel_and_t
p_05-20240604-1044-58.wav,134.12,vowel_and_t
p_05-20240604-1044-59.wav,120.15,vowel_and_t
p_05-20240604-1044-60.wav,91.22,vowel_and_t
p_05-20240604-1044-61.wav,98.81,vowel_and_t
p_05-20240604-1044-62.wav,96.53,vowel_and_t
p_05-20240604-1044-63.wav,91.32,vowel_and_t
p_05-20240604-1044-64.wav,91.01,vowel_and_t
p_05-20240604-1044-65.wav,95.18,vowel_and_t
p_05-20240604-1044-66.wav,111.2,vowel_and_t
p_05-20240604-1044-67.wav,115.95,vowel_and_t
p_05-20240604-1044-68.wav,96.24,vowel_and_t
p_05-20240604-1044-69.wav,99.6,vowel_and_t
p_05-20240604-1044-70.wav,142.09,vowel_and_t
p_05-20240604-1044-71.wav,111.05,vowel_and_t
p_05-20240604-1044-72.wav,95.13,vowel_and_t
p_05-20240604-1044-73.wav,98.07,vowel_and_t
p_05-20240604-1044-74.wav,99.27,vowel_and_t
p_05-20240604-1044-75.wav,92.15,vowel_and_t
p_05-20240604-1044-76.wav,105.21,vowel_and_t
p_05-20240604-1044-77.wav,104.34,vowel_and_t
p_05-20240604-1044-78.wav,116.13,vowel_and_t
p_05-20240604-1044-79.wav,97.64,vowel_and_t
p_05-20240604-1044-80.wav,97.91,vowel_and_t
p_05-20240604-1044-81.wav,91.01,vowel_and_t
p_05-20240604-1044-82.wav,118.45,vowel_and_t
p_05-20240604-1044-83.wav,97.44,vowel_and_t
p_05-20240604-1044-84.wav,109.56,vowel_and_t
p_05-20240604-1044-85.wav,106.54,vowel_and_t
p_05-20240604-1044-86.wav,96.58,vowel_and_t
p_05-20240604-1044-87.wav,112.88,vowel_and_t
p_05-20240604-1044-88.wav,112.91,vowel_and_t
p_05-20240604-1044-89.wav,114.83,vowel_and_t
p_05-20240604-1044-90.wav,131.53,vowel_and_t
p_05-20240604-1044-91.wav,130.04,vowel_and_t
p_06-20240604-1115-01.wav,99.22,vowels_only
p_06-20240604-1115-02.wav,239.23,vowels_only
p_06-20240604-1115-03.wav,94.47,vowels_only
p_06-20240604-1115-04.wav,113.19,vowels_only
p_06-20240604-1115-05.wav,93.18,vowels_only
p_06-20240604-1115-06.wav,96.93,vowels_only
p_06-20240604-1115-07.wav,154.02,vowels_only
p_06-20240604-1115-08.wav,119.82,vowels_only
p_06-20240604-1115-09.wav,222.67,vowels_only
p_06-20240604-1115-10.wav,227.18,vowels_only
p_06-20240604-1115-11.wav,182.67,vowels_only
p_06-20240604-1115-12.wav,93.48,vowels_only
p_06-20240604-1115-13.wav,274.88,vowels_only
p_06-20240604-1115-14.wav,136.25,vowels_only
p_06-20240604-1115-15.wav,102.22,vowels_only
p_06-20240604-1115-16.wav,154.35,vowels_only
p_06-20240604-1115-17.wav,103.93,vowels_only
p_06-20240604-1115-18.wav,115.17,vowels_only
p_06-20240604-1115-19.wav,275.77,vowels_only
p_06-20240604-1115-20.wav,138.3,vowels_only
p_06-20240604-1115-21.wav,100.64,vowels_only
p_06-20240604-1115-22.wav,113.13,vowels_only
p_06-20240604-1115-23.wav,96.29,vowels_only
p_06-20240604-1115-24.wav,124.93,vowels_only
p_06-20240604-1115-25.wav,193.61,vowels_only
p_06-20240604-1115-26.wav,177.88,vowels_only
p_06-20240604-1115-27.wav,98.19,vowels_only
p_06-20240604-1115-28.wav,99.29,vowels_only
p_06-20240604-1115-29.wav,150.88,vowels_only
p_06-20240604-1115-30.wav,199.45,vowels_only
p_06-20240604-1115-31.wav,150.84,vowels_only
p_06-20240604-1115-32.wav,118.23,vowels_only
p_06-20240604-1115-33.wav,132.87,vowels_only
p_06-20240604-1115-34.wav,189.89,vowels_only
p_06-20240604-1115-35.wav,134.11,vowels_only
p_06-20240604-1115-36.wav,98.68,vowels_only
p_06-20240604-1115-37.wav,92.57,vowels_only
p_06-20240604-1115-38.wav,151.65,vowels_only
p_06-20240604-1115-39.wav,106.49,vowels_only
p_06-20240604-1115-40.wav,106.21,vowels_only
p_06-20240604-1115-41.wav,105.38,vowels_only
p_06-20240604-1115-42.wav,227.58,vowels_only
p_06-20240604-1115-43.wav,102.83,vowels_only
p_06-20240604-1115-44.wav,136.36,vowels_only
p_06-20240604-1115-45.wav,107.27,vowels_only
p_06-20240604-1115-46.wav,101.62,vowels_only
p_06-20240604-1115-47.wav,119.57,vowels_only
p_06-20240604-1115-48.wav,141.59,vowels_only
p_06-20240604-1115-49.wav,115.9,vowels_only
p_06-20240604-1115-50.wav,120.77,vowels_only
p_06-20240604-1115-51.wav,207.02,vowels_only
p_06-20240604-1115-52.wav,102.61,vowels_only
p_06-20240604-1115-53.wav,208.15,vowels_only
p_06-20240604-1115-54.wav,148.41,vowels_only
p_06-20240604-1115-55.wav,101.37,vowels_only
p_06-20240604-1115-56.wav,104.37,vowels_only
p_06-20240604-1115-57.wav,100.89,vowels_only
p_06-20240604-1115-58.wav,103.33,vowels_only
p_06-20240604-1115-59.wav,102.73,vowels_only
p_06-20240604-1115-60.wav,164.17,vowels_only
p_06-20240604-1115-61.wav,125.77,vowels_only
p_06-20240604-1115-62.wav,110.08,vowels_only
p_06-20240604-1115-63.wav,109.31,vowels_only
p_06-20240604-1115-64.wav,127.12,vowels_only
p_06-20240604-1125-01.wav,88.97,vowel_and_t
p_06-20240604-1125-02.wav,122.92,vowel_and_t
p_06-20240604-1125-03.wav,137.16,vowel_and_t
p_06-20240604-1125-04.wav,111.88,vowel_and_t
p_06-20240604-1125-05.wav,118.62,vowel_and_t
p_06-20240604-1125-06.wav,88.1,vowel_and_t
p_06-20240604-1125-07.wav,159,vowel_and_t
p_06-20240604-1125-08.wav,210.26,vowel_and_t
p_06-20240604-1125-09.wav,242.52,vowel_and_t
p_06-20240604-1125-10.wav,129.49,vowel_and_t
p_06-20240604-1125-11.wav,86.64,vowel_and_t
p_06-20240604-1125-12.wav,85.86,vowel_and_t
p_06-20240604-1125-13.wav,87.56,vowel_and_t
p_06-20240604-1125-14.wav,138.23,vowel_and_t
p_06-20240604-1125-15.wav,246.3,vowel_and_t
p_06-20240604-1125-16.wav,224.09,vowel_and_t
p_06-20240604-1125-17.wav,89.27,vowel_and_t
p_06-20240604-1125-18.wav,116.14,vowel_and_t
p_06-20240604-1125-19.wav,86.11,vowel_and_t
p_06-20240604-1125-20.wav,99.23,vowel_and_t
p_06-20240604-1125-21.wav,101.31,vowel_and_t
p_06-20240604-1125-22.wav,91.18,vowel_and_t
p_06-20240604-1125-23.wav,100.7,vowel_and_t
p_06-20240604-1125-24.wav,90.81,vowel_and_t
p_06-20240604-1125-25.wav,140.95,vowel_and_t
p_06-20240604-1125-26.wav,116.03,vowel_and_t
p_06-20240604-1125-27.wav,142.72,vowel_and_t
p_06-20240604-1125-28.wav,93.35,vowel_and_t
p_06-20240604-1125-29.wav,95.75,vowel_and_t
p_06-20240604-1125-30.wav,96.76,vowel_and_t
p_06-20240604-1125-31.wav,102.89,vowel_and_t
p_06-20240604-1125-32.wav,92.27,vowel_and_t
p_06-20240604-1125-33.wav,108.49,vowel_and_t
p_06-20240604-1125-34.wav,93.91,vowel_and_t
p_06-20240604-1125-35.wav,103.83,vowel_and_t
p_06-20240604-1125-36.wav,94.23,vowel_and_t
p_06-20240604-1125-37.wav,136.87,vowel_and_t
p_06-20240604-1125-38.wav,172.07,vowel_and_t
p_06-20240604-1125-39.wav,119.41,vowel_and_t
p_06-20240604-1125-40.wav,93.46,vowel_and_t
p_06-20240604-1125-41.wav,91.53,vowel_and_t
p_06-20240604-1125-42.wav,90.17,vowel_and_t
p_06-20240604-1125-43.wav,102.26,vowel_and_t
p_06-20240604-1125-44.wav,109.91,vowel_and_t
p_06-20240604-1125-45.wav,91,vowel_and_t
p_06-20240604-1125-46.wav,90.5,vowel_and_t
p_06-20240604-1125-47.wav,92.86,vowel_and_t
p_06-20240604-1125-48.wav,87.84,vowel_and_t
p_06-20240604-1125-49.wav,95.87,vowel_and_t
p_06-20240604-1125-50.wav,153.55,vowel_and_t
p_06-20240604-1125-51.wav,113.32,vowel_and_t
p_06-20240604-1125-52.wav,102.14,vowel_and_t
p_06-20240604-1125-53.wav,120.56,vowel_and_t
p_06-20240604-1125-54.wav,181.98,vowel_and_t
p_06-20240604-1125-55.wav,144.27,vowel_and_t
p_06-20240604-1125-56.wav,105.37,vowel_and_t
p_06-20240604-1125-57.wav,98.78,vowel_and_t
p_06-20240604-1125-58.wav,108.33,vowel_and_t
p_06-20240604-1125-59.wav,93.2,vowel_and_t
p_06-20240604-1125-60.wav,100.63,vowel_and_t
p_06-20240604-1125-61.wav,120.59,vowel_and_t
p_06-20240604-1125-62.wav,135.25,vowel_and_t
p_06-20240604-1125-63.wav,132.54,vowel_and_t
p_06-20240604-1125-64.wav,120.32,vowel_and_t
p_06-20240604-1125-65.wav,99.65,vowel_and_t
p_06-20240604-1125-66.wav,130.82,vowel_and_t
p_06-20240604-1125-67.wav,99.32,vowel_and_t
p_06-20240604-1125-68.wav,97.49,vowel_and_t
p_06-20240604-1125-69.wav,97.35,vowel_and_t
p_06-20240604-1125-70.wav,98.59,vowel_and_t
p_06-20240604-1125-71.wav,128.55,vowel_and_t
p_06-20240604-1125-72.wav,96.95,vowel_and_t
p_06-20240604-1125-73.wav,104.71,vowel_and_t
p_06-20240604-1125-74.wav,108.67,vowel_and_t
p_06-20240604-1125-75.wav,95.2,vowel_and_t
p_06-20240604-1125-76.wav,107.77,vowel_and_t
p_06-20240604-1125-77.wav,92.19,vowel_and_t
p_06-20240604-1125-78.wav,133.82,vowel_and_t
p_06-20240604-1125-79.wav,95.3,vowel_and_t
p_06-20240604-1125-80.wav,105.17,vowel_and_t
p_06-20240604-1125-81.wav,130.29,vowel_and_t
p_06-20240604-1125-82.wav,113.51,vowel_and_t
p_06-20240604-1125-83.wav,132.14,vowel_and_t
p_06-20240604-1125-84.wav,89.51,vowel_and_t
p_06-20240604-1125-85.wav,146.84,vowel_and_t
p_06-20240604-1125-86.wav,104.62,vowel_and_t
p_06-20240604-1125-87.wav,97.33,vowel_and_t
p_06-20240604-1125-88.wav,106.39,vowel_and_t
p_06-20240604-1125-89.wav,96.09,vowel_and_t
p_06-20240604-1125-90.wav,103.49,vowel_and_t
p_06-20240604-1125-91.wav,161.8,vowel_and_t
p_07-20240606-1014-01.wav,122.35,vowels_only
p_07-20240606-1014-02.wav,305.72,vowels_only
p_07-20240606-1014-03.wav,127.03,vowels_only
p_07-20240606-1014-04.wav,137.07,vowels_only
p_07-20240606-1014-05.wav,163.88,vowels_only
p_07-20240606-1014-06.wav,220.57,vowels_only
p_07-20240606-1014-07.wav,108.65,vowels_only
p_07-20240606-1014-08.wav,197.24,vowels_only
p_07-20240606-1014-09.wav,145.15,vowels_only
p_07-20240606-1014-10.wav,98.77,vowels_only
p_07-20240606-1014-11.wav,195.01,vowels_only
p_07-20240606-1014-12.wav,141.21,vowels_only
p_07-20240606-1014-13.wav,118.14,vowels_only
p_07-20240606-1014-14.wav,105.13,vowels_only
p_07-20240606-1014-15.wav,320.71,vowels_only
p_07-20240606-1014-16.wav,171.54,vowels_only
p_07-20240606-1014-17.wav,254.01,vowels_only
p_07-20240606-1014-18.wav,157.62,vowels_only
p_07-20240606-1014-19.wav,193.63,vowels_only
p_07-20240606-1014-20.wav,105.28,vowels_only
p_07-20240606-1014-21.wav,128.38,vowels_only
p_07-20240606-1014-22.wav,216.11,vowels_only
p_07-20240606-1014-23.wav,129.83,vowels_only
p_07-20240606-1014-24.wav,93.37,vowels_only
p_07-20240606-1014-25.wav,101.5,vowels_only
p_07-20240606-1014-26.wav,97.23,vowels_only
p_07-20240606-1014-27.wav,99.43,vowels_only
p_07-20240606-1014-28.wav,88.81,vowels_only
p_07-20240606-1014-29.wav,441.63,vowels_only
p_07-20240606-1014-30.wav,126.44,vowels_only
p_07-20240606-1014-31.wav,102.91,vowels_only
p_07-20240606-1014-32.wav,96.53,vowels_only
p_07-20240606-1014-33.wav,95.48,vowels_only
p_07-20240606-1014-34.wav,258.91,vowels_only
p_07-20240606-1014-35.wav,97.96,vowels_only
p_07-20240606-1014-36.wav,122.44,vowels_only
p_07-20240606-1014-37.wav,125.04,vowels_only
p_07-20240606-1014-38.wav,209.11,vowels_only
p_07-20240606-1014-39.wav,128.52,vowels_only
p_07-20240606-1014-40.wav,166.55,vowels_only
p_07-20240606-1014-41.wav,183.94,vowels_only
p_07-20240606-1014-42.wav,277.45,vowels_only
p_07-20240606-1014-43.wav,146.54,vowels_only
p_07-20240606-1014-44.wav,162.92,vowels_only
p_07-20240606-1014-45.wav,227.08,vowels_only
p_07-20240606-1014-46.wav,99.55,vowels_only
p_07-20240606-1014-47.wav,164.62,vowels_only
p_07-20240606-1014-48.wav,100.12,vowels_only
p_07-20240606-1014-49.wav,121.23,vowels_only
p_07-20240606-1014-50.wav,114,vowels_only
p_07-20240606-1014-51.wav,205.33,vowels_only
p_07-20240606-1014-52.wav,90.91,vowels_only
p_07-20240606-1014-53.wav,142.84,vowels_only
p_07-20240606-1014-54.wav,202.39,vowels_only
p_07-20240606-1014-55.wav,99.48,vowels_only
p_07-20240606-1014-56.wav,182.21,vowels_only
p_07-20240606-1014-57.wav,133.41,vowels_only
p_07-20240606-1014-58.wav,93.59,vowels_only
p_07-20240606-1014-59.wav,94.58,vowels_only
p_07-20240606-1014-60.wav,182.82,vowels_only
p_07-20240606-1014-61.wav,98.6,vowels_only
p_07-20240606-1014-62.wav,103.59,vowels_only
p_07-20240606-1014-63.wav,204.22,vowels_only
p_07-20240606-1014-64.wav,238.08,vowels_only
p_07-20240606-1029-01.wav,136.89,vowel_and_t
p_07-20240606-1029-02.wav,148.31,vowel_and_t
p_07-20240606-1029-03.wav,101.14,vowel_and_t
p_07-20240606-1029-04.wav,123.58,vowel_and_t
p_07-20240606-1029-05.wav,112.39,vowel_and_t
p_07-20240606-1029-06.wav,170.2,vowel_and_t
p_07-20240606-1029-07.wav,156.25,vowel_and_t
p_07-20240606-1029-08.wav,121.57,vowel_and_t
p_07-20240606-1029-09.wav,101.11,vowel_and_t
p_07-20240606-1029-10.wav,100.16,vowel_and_t
p_07-20240606-1029-11.wav,124.65,vowel_and_t
p_07-20240606-1029-12.wav,132.55,vowel_and_t
p_07-20240606-1029-13.wav,103.71,vowel_and_t
p_07-20240606-1029-14.wav,102.25,vowel_and_t
p_07-20240606-1029-15.wav,184.54,vowel_and_t
p_07-20240606-1029-16.wav,181.85,vowel_and_t
p_07-20240606-1029-17.wav,108.46,vowel_and_t
p_07-20240606-1029-18.wav,145.94,vowel_and_t
p_07-20240606-1029-19.wav,123.14,vowel_and_t
p_07-20240606-1029-20.wav,118.04,vowel_and_t
p_07-20240606-1029-21.wav,141.36,vowel_and_t
p_07-20240606-1029-22.wav,137.34,vowel_and_t
p_07-20240606-1029-23.wav,140.73,vowel_and_t
p_07-20240606-1029-24.wav,128.33,vowel_and_t
p_07-20240606-1029-25.wav,166.5,vowel_and_t
p_07-20240606-1029-26.wav,107.88,vowel_and_t
p_07-20240606-1029-27.wav,105.29,vowel_and_t
p_07-20240606-1029-28.wav,173.25,vowel_and_t
p_07-20240606-1029-29.wav,136.32,vowel_and_t
p_07-20240606-1029-30.wav,129.19,vowel_and_t
p_07-20240606-1029-31.wav,128.17,vowel_and_t
p_07-20240606-1029-32.wav,106.13,vowel_and_t
p_07-20240606-1029-33.wav,105.59,vowel_and_t
p_07-20240606-1029-34.wav,197.29,vowel_and_t
p_07-20240606-1029-35.wav,133.56,vowel_and_t
p_07-20240606-1029-36.wav,108.66,vowel_and_t
p_07-20240606-1029-37.wav,119.89,vowel_and_t
p_07-20240606-1029-38.wav,105.63,vowel_and_t
p_07-20240606-1029-39.wav,164.82,vowel_and_t
p_07-20240606-1029-40.wav,108.36,vowel_and_t
p_07-20240606-1029-41.wav,164.21,vowel_and_t
p_07-20240606-1029-42.wav,107.93,vowel_and_t
p_07-20240606-1029-43.wav,102.84,vowel_and_t
p_07-20240606-1029-44.wav,155.75,vowel_and_t
p_07-20240606-1029-45.wav,144.57,vowel_and_t
p_07-20240606-1029-46.wav,126.25,vowel_and_t
p_07-20240606-1029-47.wav,104.07,vowel_and_t
p_07-20240606-1029-48.wav,103.47,vowel_and_t
p_07-20240606-1029-49.wav,108.77,vowel_and_t
p_07-20240606-1029-50.wav,106.37,vowel_and_t
p_07-20240606-1029-51.wav,109.59,vowel_and_t
p_07-20240606-1029-52.wav,116.23,vowel_and_t
p_07-20240606-1029-53.wav,99.58,vowel_and_t
p_07-20240606-1029-54.wav,134.06,vowel_and_t
p_07-20240606-1029-55.wav,105.81,vowel_and_t
p_07-20240606-1029-56.wav,112.45,vowel_and_t
p_07-20240606-1029-57.wav,106.12,vowel_and_t
p_07-20240606-1029-58.wav,101.14,vowel_and_t
p_07-20240606-1029-59.wav,103.55,vowel_and_t
p_07-20240606-1029-60.wav,104.49,vowel_and_t
p_07-20240606-1029-61.wav,104.54,vowel_and_t
p_07-20240606-1029-62.wav,101.47,vowel_and_t
p_07-20240606-1029-63.wav,163.26,vowel_and_t
p_07-20240606-1029-64.wav,140.56,vowel_and_t
p_07-20240606-1029-65.wav,122.07,vowel_and_t
p_07-20240606-1029-66.wav,216,vowel_and_t
p_07-20240606-1029-67.wav,162.25,vowel_and_t
p_07-20240606-1029-68.wav,99.55,vowel_and_t
p_07-20240606-1029-69.wav,123.21,vowel_and_t
p_07-20240606-1029-70.wav,139.43,vowel_and_t
p_07-20240606-1029-71.wav,127.04,vowel_and_t
p_07-20240606-1029-72.wav,191.78,vowel_and_t
p_07-20240606-1029-73.wav,125.99,vowel_and_t
p_07-20240606-1029-74.wav,101.06,vowel_and_t
p_07-20240606-1029-75.wav,103.33,vowel_and_t
p_07-20240606-1029-76.wav,120.71,vowel_and_t
p_07-20240606-1029-77.wav,159.6,vowel_and_t
p_07-20240606-1029-78.wav,100.87,vowel_and_t
p_07-20240606-1029-79.wav,153.86,vowel_and_t
p_07-20240606-1029-80.wav,137.28,vowel_and_t
p_07-20240606-1029-81.wav,102.69,vowel_and_t
p_07-20240606-1029-82.wav,165.09,vowel_and_t
p_07-20240606-1029-83.wav,97.97,vowel_and_t
p_07-20240606-1029-84.wav,100.62,vowel_and_t
p_07-20240606-1029-85.wav,110.45,vowel_and_t
p_07-20240606-1029-86.wav,96.06,vowel_and_t
p_07-20240606-1029-87.wav,132.93,vowel_and_t
p_07-20240606-1029-88.wav,98.79,vowel_and_t
p_07-20240606-1029-89.wav,129.19,vowel_and_t
p_07-20240606-1029-90.wav,118.16,vowel_and_t
p_07-20240606-1029-91.wav,140.3,vowel_and_t
p_08-20240607-1409-01.wav,127.88,vowels_only
p_08-20240607-1409-02.wav,139.86,vowels_only
p_08-20240607-1409-03.wav,216.96,vowels_only
p_08-20240607-1409-04.wav,133.66,vowels_only
p_08-20240607-1409-05.wav,127.62,vowels_only
p_08-20240607-1409-06.wav,118.65,vowels_only
p_08-20240607-1409-07.wav,124.88,vowels_only
p_08-20240607-1409-08.wav,147.15,vowels_only
p_08-20240607-1409-09.wav,234.78,vowels_only
p_08-20240607-1409-10.wav,210.84,vowels_only
p_08-20240607-1409-11.wav,136.85,vowels_only
p_08-20240607-1409-12.wav,123.44,vowels_only
p_08-20240607-1409-13.wav,125.79,vowels_only
p_08-20240607-1409-14.wav,126.32,vowels_only
p_08-20240607-1409-15.wav,126.64,vowels_only
p_08-20240607-1409-16.wav,132.71,vowels_only
p_08-20240607-1409-17.wav,132.31,vowels_only
p_08-20240607-1409-18.wav,172.13,vowels_only
p_08-20240607-1409-19.wav,141.77,vowels_only
p_08-20240607-1409-20.wav,132.31,vowels_only
p_08-20240607-1409-21.wav,127.71,vowels_only
p_08-20240607-1409-22.wav,143.04,vowels_only
p_08-20240607-1409-23.wav,130.9,vowels_only
p_08-20240607-1409-24.wav,143.8,vowels_only
p_08-20240607-1409-25.wav,134.27,vowels_only
p_08-20240607-1409-26.wav,136.57,vowels_only
p_08-20240607-1409-27.wav,139.93,vowels_only
p_08-20240607-1409-28.wav,144.15,vowels_only
p_08-20240607-1409-29.wav,201.89,vowels_only
p_08-20240607-1409-30.wav,139.01,vowels_only
p_08-20240607-1409-31.wav,143.43,vowels_only
p_08-20240607-1409-32.wav,132.78,vowels_only
p_08-20240607-1409-33.wav,233.2,vowels_only
p_08-20240607-1409-34.wav,144.55,vowels_only
p_08-20240607-1409-35.wav,155.61,vowels_only
p_08-20240607-1409-36.wav,132.98,vowels_only
p_08-20240607-1409-37.wav,150.87,vowels_only
p_08-20240607-1409-38.wav,203.66,vowels_only
p_08-20240607-1409-39.wav,219.36,vowels_only
p_08-20240607-1409-40.wav,159.52,vowels_only
p_08-20240607-1409-41.wav,151.17,vowels_only
p_08-20240607-1409-42.wav,276.68,vowels_only
p_08-20240607-1409-43.wav,150.02,vowels_only
p_08-20240607-1409-44.wav,180.3,vowels_only
p_08-20240607-1409-45.wav,171.53,vowels_only
p_08-20240607-1409-46.wav,183.01,vowels_only
p_08-20240607-1409-47.wav,140.85,vowels_only
p_08-20240607-1409-48.wav,153.85,vowels_only
p_08-20240607-1409-49.wav,143.74,vowels_only
p_08-20240607-1409-50.wav,165.85,vowels_only
p_08-20240607-1409-51.wav,155.25,vowels_only
p_08-20240607-1409-52.wav,173.83,vowels_only
p_08-20240607-1409-53.wav,209.34,vowels_only
p_08-20240607-1409-54.wav,291.35,vowels_only
p_08-20240607-1409-55.wav,143.46,vowels_only
p_08-20240607-1409-56.wav,143.68,vowels_only
p_08-20240607-1409-57.wav,151.89,vowels_only
p_08-20240607-1409-58.wav,134.21,vowels_only
p_08-20240607-1409-59.wav,245.94,vowels_only
p_08-20240607-1409-60.wav,148.97,vowels_only
p_08-20240607-1409-61.wav,136.74,vowels_only
p_08-20240607-1409-62.wav,192.27,vowels_only
p_08-20240607-1409-63.wav,135.86,vowels_only
p_08-20240607-1409-64.wav,155.49,vowels_only
p_08-20240607-1419-01.wav,129.15,vowel_and_t
p_08-20240607-1419-02.wav,125.25,vowel_and_t
p_08-20240607-1419-03.wav,123.86,vowel_and_t
p_08-20240607-1419-04.wav,118.02,vowel_and_t
p_08-20240607-1419-05.wav,120.94,vowel_and_t
p_08-20240607-1419-06.wav,127.51,vowel_and_t
p_08-20240607-1419-07.wav,122.17,vowel_and_t
p_08-20240607-1419-08.wav,131.13,vowel_and_t
p_08-20240607-1419-09.wav,122.1,vowel_and_t
p_08-20240607-1419-10.wav,130.89,vowel_and_t
p_08-20240607-1419-11.wav,137.2,vowel_and_t
p_08-20240607-1419-12.wav,123.97,vowel_and_t
p_08-20240607-1419-13.wav,159.17,vowel_and_t
p_08-20240607-1419-14.wav,125.63,vowel_and_t
p_08-20240607-1419-15.wav,124.57,vowel_and_t
p_08-20240607-1419-16.wav,130.31,vowel_and_t
p_08-20240607-1419-17.wav,140.14,vowel_and_t
p_08-20240607-1419-18.wav,132.37,vowel_and_t
p_08-20240607-1419-19.wav,139.43,vowel_and_t
p_08-20240607-1419-20.wav,127.71,vowel_and_t
p_08-20240607-1419-21.wav,123.75,vowel_and_t
p_08-20240607-1419-22.wav,118.7,vowel_and_t
p_08-20240607-1419-23.wav,136.43,vowel_and_t
p_08-20240607-1419-24.wav,128.61,vowel_and_t
p_08-20240607-1419-25.wav,139.87,vowel_and_t
p_08-20240607-1419-26.wav,132.4,vowel_and_t
p_08-20240607-1419-27.wav,123.4,vowel_and_t
p_08-20240607-1419-28.wav,157.65,vowel_and_t
p_08-20240607-1419-29.wav,134.29,vowel_and_t
p_08-20240607-1419-30.wav,142.28,vowel_and_t
p_08-20240607-1419-31.wav,133.32,vowel_and_t
p_08-20240607-1419-32.wav,128.3,vowel_and_t
p_08-20240607-1419-33.wav,131.02,vowel_and_t
p_08-20240607-1419-34.wav,140.97,vowel_and_t
p_08-20240607-1419-35.wav,139.2,vowel_and_t
p_08-20240607-1419-36.wav,151.19,vowel_and_t
p_08-20240607-1419-37.wav,136.14,vowel_and_t
p_08-20240607-1419-38.wav,141,vowel_and_t
p_08-20240607-1419-39.wav,143.35,vowel_and_t
p_08-20240607-1419-40.wav,139.01,vowel_and_t
p_08-20240607-1419-41.wav,142.56,vowel_and_t
p_08-20240607-1419-42.wav,150.31,vowel_and_t
p_08-20240607-1419-43.wav,161.04,vowel_and_t
p_08-20240607-1419-44.wav,155.27,vowel_and_t
p_08-20240607-1419-45.wav,146.98,vowel_and_t
p_08-20240607-1419-46.wav,137.83,vowel_and_t
p_08-20240607-1419-47.wav,128.6,vowel_and_t
p_08-20240607-1419-48.wav,140.21,vowel_and_t
p_08-20240607-1419-49.wav,142.84,vowel_and_t
p_08-20240607-1419-50.wav,137.9,vowel_and_t
p_08-20240607-1419-51.wav,163.98,vowel_and_t
p_08-20240607-1419-52.wav,127.9,vowel_and_t
p_08-20240607-1419-53.wav,134.74,vowel_and_t
p_08-20240607-1419-54.wav,128.91,vowel_and_t
p_08-20240607-1419-55.wav,140.07,vowel_and_t
p_08-20240607-1419-56.wav,139.19,vowel_and_t
p_08-20240607-1419-57.wav,136.36,vowel_and_t
p_08-20240607-1419-58.wav,141.11,vowel_and_t
p_08-20240607-1419-59.wav,128.62,vowel_and_t
p_08-20240607-1419-60.wav,134.79,vowel_and_t
p_08-20240607-1419-61.wav,137.22,vowel_and_t
p_08-20240607-1419-62.wav,131.24,vowel_and_t
p_08-20240607-1419-63.wav,129.54,vowel_and_t
p_08-20240607-1419-64.wav,164.07,vowel_and_t
p_08-20240607-1419-65.wav,181.85,vowel_and_t
p_08-20240607-1419-66.wav,130.18,vowel_and_t
p_08-20240607-1419-67.wav,126.76,vowel_and_t
p_08-20240607-1419-68.wav,134.04,vowel_and_t
p_08-20240607-1419-69.wav,125.55,vowel_and_t
p_08-20240607-1419-70.wav,130.39,vowel_and_t
p_08-20240607-1419-71.wav,134.44,vowel_and_t
p_08-20240607-1419-72.wav,129.93,vowel_and_t
p_08-20240607-1419-73.wav,137.79,vowel_and_t
p_08-20240607-1419-74.wav,123.28,vowel_and_t
p_08-20240607-1419-75.wav,137.64,vowel_and_t
p_08-20240607-1419-76.wav,139.15,vowel_and_t
p_08-20240607-1419-77.wav,125.36,vowel_and_t
p_08-20240607-1419-78.wav,152.77,vowel_and_t
p_08-20240607-1419-79.wav,128.67,vowel_and_t
p_08-20240607-1419-80.wav,137.67,vowel_and_t
p_08-20240607-1419-81.wav,157.45,vowel_and_t
p_08-20240607-1419-82.wav,133.85,vowel_and_t
p_08-20240607-1419-83.wav,132.35,vowel_and_t
p_08-20240607-1419-84.wav,131.96,vowel_and_t
p_08-20240607-1419-85.wav,132.53,vowel_and_t
p_08-20240607-1419-86.wav,133.34,vowel_and_t
p_08-20240607-1419-87.wav,132.36,vowel_and_t
p_08-20240607-1419-88.wav,123.43,vowel_and_t
p_08-20240607-1419-89.wav,143.39,vowel_and_t
p_08-20240607-1419-90.wav,128.19,vowel_and_t
p_08-20240607-1419-91.wav,149.73,vowel_and_t
